g14255	SUPER_GRC2	germ	male	ML2:0.145597
g14256	SUPER_GRC2	germ	male	ML2:0.136102
g4220	SUPER_GRC1	germ	male	ML3:0.337278
g8209	SUPER_GRC2	germ	female	FL1:0.381954	FL3:0.192700
g11211	SUPER_GRC2	germ	female	FL1:0.334360
g13065	SUPER_GRC2	germ	female	FL1:7.906329	FL2:5.722073	FL3:6.284191
g18444	SUPER_GRC2	germ	female	FL1:1.947625	FL2:0.611325	FL3:1.130162
g18528	SUPER_GRC2	germ	female	FL1:0.142427	FL3:0.286517
g3491	SUPER_GRC1	germ	female	FL1:0.243221	FL3:0.216269
g6396	SUPER_GRC1	germ	female	FL1:42.104080	FL2:29.053432	FL3:36.170536
g7553	SUPER_GRC1	germ	female	FL1:0.145237	FL3:0.160632
g7561	SUPER_GRC1	germ	female	FL1:0.156822
g7957	SUPER_GRC1	germ	female	FL1:0.413424	FL2:0.380763	FL3:0.518055
g7958	SUPER_GRC1	germ	female	FL1:2.145000	FL2:0.571722	FL3:2.631133
g8036	SUPER_GRC1	germ	female	FL1:0.323646	FL2:0.126150	FL3:0.354643
g18454	SUPER_GRC2	germ	female	FL2:0.125109
g18467	SUPER_GRC2	germ	female	FL2:0.142318
g18514	SUPER_GRC2	germ	female	FL2:0.167445
g233	SUPER_GRC1	germ	female	FL2:0.133407	FL3:0.168820
g17037	SUPER_GRC2	germ	female	FL3:0.131024
g18272	SUPER_GRC2	germ	female	FL3:0.133507
g491	SUPER_GRC1	germ	female	FL3:0.177901
g13059	SUPER_GRC2	germ	both-sexes	FL1:0.649406	FL2:0.969804	FL3:0.605958	ML1:0.661032	ML2:0.617010	ML3:0.738492
g14637	SUPER_GRC2	germ	both-sexes	FL1:6.459763	FL2:6.196595	FL3:4.922571	ML1:4.979544	ML2:6.585617	ML3:7.998014
g14961	SUPER_GRC2	germ	both-sexes	FL1:0.354441	FL2:0.140629	FL3:0.182981	ML1:0.206810	ML3:0.266952
g17249	SUPER_GRC2	germ	both-sexes	FL1:0.808173	FL2:13.402296	FL3:1.533938	ML1:0.945721	ML2:3.351498	ML3:2.132011
g18509	SUPER_GRC2	germ	both-sexes	FL1:4.553807	FL2:3.678225	FL2:0.206782	FL3:4.227716	FL3:0.156167	ML1:2.084588	ML2:2.078089	ML2:0.339102	ML3:2.664803
g19121	SUPER_GRC2	germ	both-sexes	FL1:2.172218	FL2:1.052272	FL3:1.775762	ML1:2.532291	ML2:3.507222	ML3:2.572899
g19161	SUPER_GRC2	germ	both-sexes	FL1:0.136396	ML3:0.300709
g8751	SUPER_GRC2	germ	both-sexes	FL2:0.224666	FL3:0.224743	ML1:0.377226
g15175	SUPER_GRC2	germ	both-sexes	FL2:0.133599	ML1:0.130998	ML3:0.256169
g7428	SUPER_GRC1	germ	both-sexes	FL2:0.132362	ML2:0.225376
g7565	SUPER_GRC1	germ	both-sexes	FL2:0.199396	FL3:0.157231	ML1:0.182236
g15244	SUPER_GRC2	germ	both-sexes	FL3:0.449485	ML1:1.129544	ML2:2.384982
g1638	SUPER_GRC1	germ	both-sexes	FL3:0.275015	ML1:0.157295
